{
	"date" : {
		"date_list" : [
			{
				"id" : "1",
				"name" : "老耿",
				"age" : "20岁",
				"school" : "北京大学",
				"professional" : "建筑学"
			},{
				"id" : "2",
				"name" : "老耿",
				"age" : "21岁",
				"school" : "北京大学",
				"professional" : "建筑学"
			},{
				"id" : "3",
				"name" : "张望",
				"age" : "20岁",
				"school" : "北京大学",
				"professional" : "建筑学"
			},{
				"id" : "4",
				"name" : "张望",
				"age" : "20岁",
				"school" : "北京大学",
				"professional" : "建筑学"
			},{
				"id" : "5",
				"name" : "张望",
				"age" : "20岁",
				"school" : "北京大学",
				"professional" : "建筑学"
			},{
				"id" : "6",
				"name" : "王山",
				"age" : "20岁",
				"school" : "北京大学",
				"professional" : "建筑学"
			},{
				"id" : "7",
				"name" : "王山",
				"age" : "20岁",
				"school" : "北京大学",
				"professional" : "建筑学"
			},{
				"id" : "8",
				"name" : "王山",
				"age" : "20岁",
				"school" : "北京大学",
				"professional" : "建筑学"
			},{
				"id" : "9",
				"name" : "王山",
				"age" : "20岁",
				"school" : "北京大学",
				"professional" : "建筑学"
			},{
				"id" : "10",
				"name" : "王山",
				"age" : "20岁",
				"school" : "北京大学",
				"professional" : "建筑学"
			},{
				"id" : "11",
				"name" : "张望",
				"age" : "20岁",
				"school" : "北京大学",
				"professional" : "建筑学"
			},{
				"id" : "12",
				"name" : "张望",
				"age" : "20岁",
				"school" : "北京大学",
				"professional" : "建筑学"
			},{
				"id" : "13",
				"name" : "张望",
				"age" : "20岁",
				"school" : "北京大学",
				"professional" : "建筑学"
			},{
				"id" : "14",
				"name" : "张望",
				"age" : "20岁",
				"school" : "清华大学",
				"professional" : "建筑学"
			},{
				"id" : "15",
				"name" : "张望",
				"age" : "20岁",
				"school" : "清华大学",
				"professional" : "建筑学"
			},{
				"id" : "16",
				"name" : "张望",
				"age" : "20岁",
				"school" : "清华大学",
				"professional" : "建筑学"
			},{
				"id" : "17",
				"name" : "张望",
				"age" : "20岁",
				"school" : "清华大学",
				"professional" : "建筑学"
			},{
				"id" : "18",
				"name" : "张望",
				"age" : "20岁",
				"school" : "清华大学",
				"professional" : "建筑学"
			},{
				"id" : "19",
				"name" : "张晓敏",
				"age" : "20岁",
				"school" : "清华大学",
				"professional" : "建筑学"
			},{
				"id" : "20",
				"name" : "张晓敏",
				"age" : "20岁",
				"school" : "清华大学",
				"professional" : "建筑学"
			},{
				"id" : "21",
				"name" : "张晓敏",
				"age" : "20岁",
				"school" : "清华大学",
				"professional" : "建筑学"
			},{
				"id" : "22",
				"name" : "张晓敏",
				"age" : "20岁",
				"school" : "清华大学",
				"professional" : "建筑学"
			},{
				"id" : "23",
				"name" : "张晓敏",
				"age" : "20岁",
				"school" : "清华大学",
				"professional" : "建筑学"
			},{
				"id" : "24",
				"name" : "张晓敏",
				"age" : "20岁",
				"school" : "清华大学",
				"professional" : "建筑学"
			},{
				"id" : "25",
				"name" : "张晓敏",
				"age" : "20岁",
				"school" : "南开大学",
				"professional" : "建筑学"
			},{
				"id" : "26",
				"name" : "张晓敏",
				"age" : "20岁",
				"school" : "南开大学",
				"professional" : "建筑学"
			},{
				"id" : "27",
				"name" : "张晓敏",
				"age" : "20岁",
				"school" : "南开大学",
				"professional" : "建筑学"
			},{
				"id" : "28",
				"name" : "张晓敏",
				"age" : "20岁",
				"school" : "南开大学",
				"professional" : "建筑学"
			},{
				"id" : "29",
				"name" : "张晓敏",
				"age" : "20岁",
				"school" : "南开大学",
				"professional" : "建筑学"
			},{
				"id" : "30",
				"name" : "张晓敏",
				"age" : "20岁",
				"school" : "南开大学",
				"professional" : "建筑学"
			},{
				"id" : "31",
				"name" : "张晓敏",
				"age" : "20岁",
				"school" : "南开大学",
				"professional" : "建筑学"
			},{
				"id" : "32",
				"name" : "张晓敏",
				"age" : "20岁",
				"school" : "南开大学",
				"professional" : "建筑学"
			},{
				"id" : "33",
				"name" : "张晓敏",
				"age" : "20岁",
				"school" : "南开大学",
				"professional" : "建筑学"
			},{
				"id" : "34",
				"name" : "张晓敏",
				"age" : "20岁",
				"school" : "南开大学",
				"professional" : "建筑学"
			},{
				"id" : "35",
				"name" : "张晓敏",
				"age" : "20岁",
				"school" : "北京邮电大学",
				"professional" : "建筑学"
			},{
				"id" : "36",
				"name" : "张晓敏",
				"age" : "20岁",
				"school" : "北京邮电大学",
				"professional" : "建筑学"
			},{
				"id" : "37",
				"name" : "张晓敏",
				"age" : "20岁",
				"school" : "北京邮电大学",
				"professional" : "建筑学"
			},{
				"id" : "38",
				"name" : "张晓敏",
				"age" : "20岁",
				"school" : "北京邮电大学",
				"professional" : "建筑学"
			},{
				"id" : "39",
				"name" : "张晓敏",
				"age" : "20岁",
				"school" : "北京邮电大学",
				"professional" : "建筑学"
			},{
				"id" : "40",
				"name" : "张晓敏",
				"age" : "20岁",
				"school" : "北京邮电大学",
				"professional" : "建筑学"
			},{
				"id" : "41",
				"name" : "张晓敏",
				"age" : "20岁",
				"school" : "北京邮电大学",
				"professional" : "建筑学"
			},{
				"id" : "42",
				"name" : "张晓敏",
				"age" : "20岁",
				"school" : "北京邮电大学",
				"professional" : "建筑学"
			},{
				"id" : "43",
				"name" : "张晓敏",
				"age" : "20岁",
				"school" : "北京邮电大学",
				"professional" : "建筑学"
			},{
				"id" : "44",
				"name" : "张晓敏",
				"age" : "20岁",
				"school" : "北京邮电大学",
				"professional" : "建筑学"
			},{
				"id" : "45",
				"name" : "孙晓燕",
				"age" : "20岁",
				"school" : "北京邮电大学",
				"professional" : "建筑学"
			},{
				"id" : "46",
				"name" : "孙晓燕",
				"age" : "20岁",
				"school" : "北京邮电大学",
				"professional" : "建筑学"
			},{
				"id" : "47",
				"name" : "孙晓燕",
				"age" : "20岁",
				"school" : "北京邮电大学",
				"professional" : "建筑学"
			},{
				"id" : "48",
				"name" : "张望",
				"age" : "20岁",
				"school" : "北京邮电大学",
				"professional" : "建筑学"
			},{
				"id" : "49",
				"name" : "孙晓燕",
				"age" : "20岁",
				"school" : "北京邮电大学",
				"professional" : "建筑学"
			},{
				"id" : "50",
				"name" : "孙晓燕",
				"age" : "20岁",
				"school" : "北京邮电大学",
				"professional" : "建筑学"
			},{
				"id" : "51",
				"name" : "孙晓燕",
				"age" : "20岁",
				"school" : "北京邮电大学",
				"professional" : "建筑学"
			},{
				"id" : "52",
				"name" : "孙晓燕",
				"age" : "20岁",
				"school" : "北京邮电大学",
				"professional" : "建筑学"
			},{
				"id" : "53",
				"name" : "孙晓燕",
				"age" : "20岁",
				"school" : "北京邮电大学",
				"professional" : "建筑学"
			},{
				"id" : "54",
				"name" : "孙晓燕",
				"age" : "20岁",
				"school" : "北京邮电大学",
				"professional" : "建筑学"
			},{
				"id" : "55",
				"name" : "张望",
				"age" : "20岁",
				"school" : "北京邮电大学",
				"professional" : "建筑学"
			},{
				"id" : "56",
				"name" : "孙晓燕",
				"age" : "20岁",
				"school" : "北京邮电大学",
				"professional" : "建筑学"
			},{
				"id" : "57",
				"name" : "孙晓燕",
				"age" : "20岁",
				"school" : "北京邮电大学",
				"professional" : "建筑学"
			},{
				"id" : "58",
				"name" : "孙晓燕",
				"age" : "20岁",
				"school" : "北京邮电大学",
				"professional" : "建筑学"
			},{
				"id" : "59",
				"name" : "孙晓燕",
				"age" : "20岁",
				"school" : "北京邮电大学",
				"professional" : "建筑学"
			},{
				"id" : "60",
				"name" : "孙晓燕",
				"age" : "20岁",
				"school" : "北京邮电大学",
				"professional" : "建筑学"
			},{
				"id" : "61",
				"name" : "孙晓燕",
				"age" : "20岁",
				"school" : "北京邮电大学",
				"professional" : "建筑学"
			},{
				"id" : "62",
				"name" : "孙晓燕",
				"age" : "20岁",
				"school" : "东北工业大学",
				"professional" : "建筑学"
			},{
				"id" : "63",
				"name" : "孙晓燕",
				"age" : "20岁",
				"school" : "东北工业大学",
				"professional" : "建筑学"
			},{
				"id" : "64",
				"name" : "孙晓燕",
				"age" : "20岁",
				"school" : "东北工业大学",
				"professional" : "建筑学"
			},{
				"id" : "65",
				"name" : "孙晓燕",
				"age" : "20岁",
				"school" : "东北工业大学",
				"professional" : "建筑学"
			},{
				"id" : "66",
				"name" : "孙晓燕",
				"age" : "20岁",
				"school" : "东北工业大学",
				"professional" : "建筑学"
			},{
				"id" : "67",
				"name" : "王志",
				"age" : "20岁",
				"school" : "东北工业大学",
				"professional" : "建筑学"
			},{
				"id" : "68",
				"name" : "王志",
				"age" : "20岁",
				"school" : "东北工业大学",
				"professional" : "建筑学"
			},{
				"id" : "69",
				"name" : "王志",
				"age" : "20岁",
				"school" : "东北工业大学",
				"professional" : "建筑学"
			},{
				"id" : "70",
				"name" : "王志",
				"age" : "20岁",
				"school" : "东北工业大学",
				"professional" : "建筑学"
			},{
				"id" : "71",
				"name" : "王志",
				"age" : "20岁",
				"school" : "东北工业大学",
				"professional" : "建筑学"
			},{
				"id" : "72",
				"name" : "王志",
				"age" : "20岁",
				"school" : "东北工业大学",
				"professional" : "建筑学"
			},{
				"id" : "73",
				"name" : "王志",
				"age" : "20岁",
				"school" : "东北工业大学",
				"professional" : "建筑学"
			},{
				"id" : "74",
				"name" : "王志",
				"age" : "20岁",
				"school" : "东北工业大学",
				"professional" : "建筑学"
			},{
				"id" : "75",
				"name" : "张望",
				"age" : "20岁",
				"school" : "东北工业大学",
				"professional" : "建筑学"
			},{
				"id" : "76",
				"name" : "张望",
				"age" : "20岁",
				"school" : "东北工业大学",
				"professional" : "建筑学"
			},{
				"id" : "77",
				"name" : "张望",
				"age" : "20岁",
				"school" : "东北工业大学",
				"professional" : "建筑学"
			},{
				"id" : "78",
				"name" : "王志",
				"age" : "20岁",
				"school" : "东北工业大学",
				"professional" : "建筑学"
			},{
				"id" : "79",
				"name" : "王志",
				"age" : "20岁",
				"school" : "东北工业大学",
				"professional" : "建筑学"
			},{
				"id" : "80",
				"name" : "王志",
				"age" : "20岁",
				"school" : "东北工业大学",
				"professional" : "建筑学"
			},{
				"id" : "81",
				"name" : "王志",
				"age" : "20岁",
				"school" : "东北工业大学",
				"professional" : "建筑学"
			},{
				"id" : "82",
				"name" : "王志",
				"age" : "20岁",
				"school" : "东北工业大学",
				"professional" : "建筑学"
			},{
				"id" : "83",
				"name" : "王志",
				"age" : "20岁",
				"school" : "东北工业大学",
				"professional" : "建筑学"
			},{
				"id" : "84",
				"name" : "王志",
				"age" : "20岁",
				"school" : "东北工业大学",
				"professional" : "建筑学"
			},{
				"id" : "85",
				"name" : "王志",
				"age" : "20岁",
				"school" : "东北工业大学",
				"professional" : "建筑学"
			},{
				"id" : "86",
				"name" : "王志",
				"age" : "20岁",
				"school" : "东北工业大学",
				"professional" : "建筑学"
			},{
				"id" : "87",
				"name" : "王志",
				"age" : "20岁",
				"school" : "东北工业大学",
				"professional" : "建筑学"
			},{
				"id" : "88",
				"name" : "张望",
				"age" : "20岁",
				"school" : "东北工业大学",
				"professional" : "建筑学"
			},{
				"id" : "89",
				"name" : "刘小鹏",
				"age" : "20岁",
				"school" : "北京理工大学",
				"professional" : "建筑学"
			},{
				"id" : "90",
				"name" : "刘小鹏",
				"age" : "20岁",
				"school" : "北京理工大学",
				"professional" : "建筑学"
			},{
				"id" : "91",
				"name" : "张望",
				"age" : "20岁",
				"school" : "北京理工大学",
				"professional" : "建筑学"
			},{
				"id" : "92",
				"name" : "张望",
				"age" : "20岁",
				"school" : "北京理工大学",
				"professional" : "建筑学"
			},{
				"id" : "93",
				"name" : "刘小鹏",
				"age" : "20岁",
				"school" : "北京理工大学",
				"professional" : "建筑学"
			},{
				"id" : "94",
				"name" : "刘小鹏",
				"age" : "20岁",
				"school" : "北京理工大学",
				"professional" : "建筑学"
			},{
				"id" : "95",
				"name" : "刘小鹏",
				"age" : "20岁",
				"school" : "北京理工大学",
				"professional" : "建筑学"
			},{
				"id" : "96",
				"name" : "刘小鹏",
				"age" : "20岁",
				"school" : "北京理工大学",
				"professional" : "建筑学"
			},{
				"id" : "97",
				"name" : "刘小鹏",
				"age" : "20岁",
				"school" : "北京理工大学",
				"professional" : "建筑学"
			},{
				"id" : "98",
				"name" : "刘小鹏",
				"age" : "20岁",
				"school" : "北京理工大学",
				"professional" : "建筑学"
			},{
				"id" : "99",
				"name" : "刘小鹏",
				"age" : "20岁",
				"school" : "北京理工大学",
				"professional" : "建筑学"
			},{
				"id" : "100",
				"name" : "刘小鹏",
				"age" : "20岁",
				"school" : "北京理工大学",
				"professional" : "建筑学"
			},{
				"id" : "101",
				"name" : "刘小鹏",
				"age" : "20岁",
				"school" : "北京理工大学",
				"professional" : "建筑学"
			},{
				"id" : "102",
				"name" : "刘小鹏",
				"age" : "20岁",
				"school" : "北京理工大学",
				"professional" : "建筑学"
			},{
				"id" : "103",
				"name" : "刘小鹏",
				"age" : "20岁",
				"school" : "北京理工大学",
				"professional" : "建筑学"
			},{
				"id" : "104",
				"name" : "刘小鹏",
				"age" : "20岁",
				"school" : "北京理工大学",
				"professional" : "建筑学"
			},{
				"id" : "105",
				"name" : "刘小鹏",
				"age" : "20岁",
				"school" : "北京理工大学",
				"professional" : "建筑学"
			},{
				"id" : "106",
				"name" : "刘小鹏",
				"age" : "20岁",
				"school" : "北京理工大学",
				"professional" : "建筑学"
			},{
				"id" : "107",
				"name" : "刘小鹏",
				"age" : "20岁",
				"school" : "北京理工大学",
				"professional" : "建筑学"
			},{
				"id" : "108",
				"name" : "刘小鹏",
				"age" : "20岁",
				"school" : "北京理工大学",
				"professional" : "建筑学"
			},{
				"id" : "109",
				"name" : "刘小鹏",
				"age" : "20岁",
				"school" : "北京理工大学",
				"professional" : "建筑学"
			},{
				"id" : "110",
				"name" : "刘小鹏",
				"age" : "20岁",
				"school" : "北京理工大学",
				"professional" : "建筑学"
			},{
				"id" : "111",
				"name" : "刘小鹏",
				"age" : "20岁",
				"school" : "北京理工大学",
				"professional" : "建筑学"
			},{
				"id" : "112",
				"name" : "刘小鹏",
				"age" : "20岁",
				"school" : "北京理工大学",
				"professional" : "建筑学"
			},{
				"id" : "113",
				"name" : "刘小鹏",
				"age" : "20岁",
				"school" : "北京理工大学",
				"professional" : "建筑学"
			},{
				"id" : "114",
				"name" : "刘小鹏",
				"age" : "20岁",
				"school" : "北京理工大学",
				"professional" : "建筑学"
			},{
				"id" : "115",
				"name" : "刘小鹏",
				"age" : "20岁",
				"school" : "北京理工大学",
				"professional" : "建筑学"
			},{
				"id" : "116",
				"name" : "刘小鹏",
				"age" : "20岁",
				"school" : "北京理工大学",
				"professional" : "建筑学"
			},{
				"id" : "116",
				"name" : "刘小鹏",
				"age" : "20岁",
				"school" : "北京理工大学",
				"professional" : "建筑学"
			},{
				"id" : "117",
				"name" : "王琦苑",
				"age" : "20岁",
				"school" : "北京理工大学",
				"professional" : "建筑学"
			},{
				"id" : "118",
				"name" : "王琦苑",
				"age" : "20岁",
				"school" : "北京理工大学",
				"professional" : "建筑学"
			},{
				"id" : "119",
				"name" : "王琦苑",
				"age" : "20岁",
				"school" : "北京理工大学",
				"professional" : "建筑学"
			},{
				"id" : "120",
				"name" : "王琦苑",
				"age" : "20岁",
				"school" : "北京理工大学",
				"professional" : "建筑学"
			},{
				"id" : "121",
				"name" : "王琦苑",
				"age" : "20岁",
				"school" : "北京理工大学",
				"professional" : "建筑学"
			},{
				"id" : "122",
				"name" : "王琦苑",
				"age" : "20岁",
				"school" : "北京理工大学",
				"professional" : "建筑学"
			},{
				"id" : "123",
				"name" : "王琦苑",
				"age" : "20岁",
				"school" : "北京理工大学",
				"professional" : "建筑学"
			},{
				"id" : "124",
				"name" : "王琦苑",
				"age" : "20岁",
				"school" : "北京理工大学",
				"professional" : "建筑学"
			},{
				"id" : "125",
				"name" : "王琦苑",
				"age" : "20岁",
				"school" : "北京理工大学",
				"professional" : "建筑学"
			},{
				"id" : "126",
				"name" : "王琦苑",
				"age" : "20岁",
				"school" : "北京理工大学",
				"professional" : "建筑学"
			},{
				"id" : "127",
				"name" : "王琦苑",
				"age" : "20岁",
				"school" : "北京交通大学海滨学院",
				"professional" : "建筑学"
			},{
				"id" : "128",
				"name" : "王琦苑",
				"age" : "20岁",
				"school" : "北京交通大学海滨学院",
				"professional" : "建筑学"
			},{
				"id" : "129",
				"name" : "王琦苑",
				"age" : "20岁",
				"school" : "北京交通大学海滨学院",
				"professional" : "建筑学"
			},{
				"id" : "130",
				"name" : "王琦苑",
				"age" : "20岁",
				"school" : "北京交通大学海滨学院",
				"professional" : "建筑学"
			},{
				"id" : "131",
				"name" : "王琦苑",
				"age" : "20岁",
				"school" : "北京交通大学海滨学院",
				"professional" : "建筑学"
			},{
				"id" : "132",
				"name" : "王琦苑",
				"age" : "20岁",
				"school" : "北京交通大学海滨学院",
				"professional" : "建筑学"
			},{
				"id" : "133",
				"name" : "王琦苑",
				"age" : "20岁",
				"school" : "北京交通大学海滨学院",
				"professional" : "建筑学"
			},{
				"id" : "134",
				"name" : "王琦苑",
				"age" : "20岁",
				"school" : "北京交通大学海滨学院",
				"professional" : "建筑学"
			},{
				"id" : "135",
				"name" : "王琦苑",
				"age" : "20岁",
				"school" : "北京交通大学海滨学院",
				"professional" : "建筑学"
			},{
				"id" : "136",
				"name" : "王琦苑",
				"age" : "20岁",
				"school" : "北京交通大学海滨学院",
				"professional" : "建筑学"
			},{
				"id" : "137",
				"name" : "王琦苑",
				"age" : "20岁",
				"school" : "北京交通大学海滨学院",
				"professional" : "建筑学"
			},{
				"id" : "138",
				"name" : "老耿",
				"age" : "20岁",
				"school" : "北京交通大学海滨学院",
				"professional" : "建筑学"
			},{
				"id" : "139",
				"name" : "老耿",
				"age" : "20岁",
				"school" : "北京交通大学海滨学院",
				"professional" : "建筑学"
			},{
				"id" : "140",
				"name" : "老耿",
				"age" : "20岁",
				"school" : "北京交通大学海滨学院",
				"professional" : "建筑学"
			},{
				"id" : "141",
				"name" : "老耿",
				"age" : "20岁",
				"school" : "北京交通大学海滨学院",
				"professional" : "建筑学"
			},{
				"id" : "142",
				"name" : "老耿",
				"age" : "20岁",
				"school" : "北京交通大学海滨学院",
				"professional" : "建筑学"
			},{
				"id" : "143",
				"name" : "老耿",
				"age" : "20岁",
				"school" : "北京交通大学海滨学院",
				"professional" : "建筑学"
			},{
				"id" : "144",
				"name" : "老耿",
				"age" : "20岁",
				"school" : "北京交通大学海滨学院",
				"professional" : "建筑学"
			},{
				"id" : "145",
				"name" : "老耿",
				"age" : "20岁",
				"school" : "北京交通大学海滨学院",
				"professional" : "建筑学"
			},{
				"id" : "146",
				"name" : "老耿",
				"age" : "20岁",
				"school" : "北京交通大学海滨学院",
				"professional" : "建筑学"
			},{
				"id" : "147",
				"name" : "老耿",
				"age" : "20岁",
				"school" : "北京交通大学",
				"professional" : "建筑学"
			}
		]
	},
	"state" : 1
}